method,order
GradDiff,181
GradDiff,361
GradDiff,364
GradDiff,205
GradDiff,210
GradDiff,121
GradDiff,17
GradDiff,135
GradDiff,0
GradDiff,218
GradDiff,38
GradDiff,244
GradDiff,37
GradDiff,309
GradDiff,253
GradDiff,235
GradDiff,301
GradDiff,216
GradDiff,261
GradDiff,257
GradDiff,245
GradDiff,171
GradDiff,12
GradDiff,272
GradDiff,278
GradDiff,101
GradDiff,327
GradDiff,212
GradDiff,21
GradDiff,336
GradDiff,9
GradDiff,350
GradDiff,27
GradDiff,265
GradDiff,60
GradDiff,32
GradDiff,222
GradDiff,349
GradDiff,127
GradDiff,126
GradDiff,184
GradDiff,180
GradDiff,267
GradDiff,20
GradDiff,371
GradDiff,247
GradDiff,341
GradDiff,380
GradDiff,154
GradDiff,273
GradDiff,260
GradDiff,81
GradDiff,379
GradDiff,213
GradDiff,122
GradDiff,77
GradDiff,28
GradDiff,263
GradDiff,201
GradDiff,85
GradDiff,297
GradDiff,142
GradDiff,208
GradDiff,108
GradDiff,124
GradDiff,100
GradDiff,125
GradDiff,317
GradDiff,130
GradDiff,217
GradDiff,160
GradDiff,43
GradDiff,157
GradDiff,172
GradDiff,168
GradDiff,264
GradDiff,384
GradDiff,161
GradDiff,333
GradDiff,395
GradDiff,326
GradDiff,92
GradDiff,139
GradDiff,3
GradDiff,69
GradDiff,106
GradDiff,276
GradDiff,351
GradDiff,140
GradDiff,136
GradDiff,227
GradDiff,76
GradDiff,159
GradDiff,98
GradDiff,295
GradDiff,271
GradDiff,82
GradDiff,7
GradDiff,359
GradDiff,209
GradDiff,25
GradDiff,266
GradDiff,335
GradDiff,31
GradDiff,258
GradDiff,328
GradDiff,355
GradDiff,324
GradDiff,279
GradDiff,175
GradDiff,365
GradDiff,315
GradDiff,174
GradDiff,242
GradDiff,329
GradDiff,73
GradDiff,26
GradDiff,132
GradDiff,1
GradDiff,170
GradDiff,363
GradDiff,103
GradDiff,196
GradDiff,176
GradDiff,229
GradDiff,274
GradDiff,224
GradDiff,270
GradDiff,321
GradDiff,302
GradDiff,179
GradDiff,238
GradDiff,72
GradDiff,320
GradDiff,220
GradDiff,356
GradDiff,250
GradDiff,259
GradDiff,58
GradDiff,87
GradDiff,202
GradDiff,325
GradDiff,163
GradDiff,268
GradDiff,183
GradDiff,42
GradDiff,262
GradDiff,311
GradDiff,378
GradDiff,394
GradDiff,83
GradDiff,188
GradDiff,34
GradDiff,392
GradDiff,230
GradDiff,165
GradDiff,223
GradDiff,177
GradDiff,112
GradDiff,2
GradDiff,94
GradDiff,86
GradDiff,145
GradDiff,35
GradDiff,141
GradDiff,45
GradDiff,342
GradDiff,246
GradDiff,71
GradDiff,388
GradDiff,308
GradDiff,148
GradDiff,150
GradDiff,240
GradDiff,169
GradDiff,319
GradDiff,123
GradDiff,249
GradDiff,59
GradDiff,275
GradDiff,389
GradDiff,347
GradDiff,343
GradDiff,164
GradDiff,248
GradDiff,255
GradDiff,147
GradDiff,46
GradDiff,345
GradDiff,251
GradDiff,367
GradDiff,47
GradDiff,382
GradDiff,296
GradDiff,298
GradDiff,131
GradDiff,285
GradDiff,372
GradDiff,156
GradDiff,197
GradDiff,63
GradDiff,376
GradDiff,19
GradDiff,281
GradDiff,99
GradDiff,383
GradDiff,62
GradDiff,22
GradDiff,360
GradDiff,173
GradDiff,375
GradDiff,115
GradDiff,80
GradDiff,91
GradDiff,232
GradDiff,362
GradDiff,373
GradDiff,393
GradDiff,194
GradDiff,313
GradDiff,207
GradDiff,14
GradDiff,146
GradDiff,185
GradDiff,29
GradDiff,366
GradDiff,305
GradDiff,374
GradDiff,104
GradDiff,192
GradDiff,339
GradDiff,214
GradDiff,348
GradDiff,97
GradDiff,118
GradDiff,107
GradDiff,303
GradDiff,89
GradDiff,254
GradDiff,143
GradDiff,84
GradDiff,49
GradDiff,114
GradDiff,18
GradDiff,64
GradDiff,151
GradDiff,385
GradDiff,211
GradDiff,206
GradDiff,284
GradDiff,96
GradDiff,398
GradDiff,33
GradDiff,290
GradDiff,237
GradDiff,53
GradDiff,334
GradDiff,318
GradDiff,221
GradDiff,337
GradDiff,344
GradDiff,386
GradDiff,93
GradDiff,241
GradDiff,277
GradDiff,133
GradDiff,397
GradDiff,231
GradDiff,8
GradDiff,323
GradDiff,203
GradDiff,44
GradDiff,226
GradDiff,78
GradDiff,399
GradDiff,75
GradDiff,377
GradDiff,353
GradDiff,134
GradDiff,340
GradDiff,110
GradDiff,338
GradDiff,234
GradDiff,200
GradDiff,116
GradDiff,66
GradDiff,79
GradDiff,56
GradDiff,51
GradDiff,199
GradDiff,95
GradDiff,155
GradDiff,204
GradDiff,312
GradDiff,189
GradDiff,23
GradDiff,357
GradDiff,358
GradDiff,186
GradDiff,282
GradDiff,11
GradDiff,215
GradDiff,243
GradDiff,190
GradDiff,300
GradDiff,119
GradDiff,287
GradDiff,109
GradDiff,387
GradDiff,67
GradDiff,370
GradDiff,178
GradDiff,314
GradDiff,390
GradDiff,346
GradDiff,269
GradDiff,198
GradDiff,5
GradDiff,52
GradDiff,187
GradDiff,24
GradDiff,330
GradDiff,162
GradDiff,368
GradDiff,70
GradDiff,228
GradDiff,391
GradDiff,138
GradDiff,291
GradDiff,299
GradDiff,310
GradDiff,88
GradDiff,292
GradDiff,105
GradDiff,68
GradDiff,152
GradDiff,50
GradDiff,61
GradDiff,166
GradDiff,191
GradDiff,182
GradDiff,41
GradDiff,39
GradDiff,283
GradDiff,280
GradDiff,153
GradDiff,120
GradDiff,16
GradDiff,195
GradDiff,331
GradDiff,128
GradDiff,129
GradDiff,306
GradDiff,293
GradDiff,381
GradDiff,396
GradDiff,54
GradDiff,316
GradDiff,219
GradDiff,74
GradDiff,322
GradDiff,193
GradDiff,236
GradDiff,117
GradDiff,149
GradDiff,48
GradDiff,294
GradDiff,252
GradDiff,307
GradDiff,10
GradDiff,167
GradDiff,332
GradDiff,369
GradDiff,304
GradDiff,111
GradDiff,30
GradDiff,113
GradDiff,137
GradDiff,144
GradDiff,36
GradDiff,4
GradDiff,13
GradDiff,90
GradDiff,158
GradDiff,57
GradDiff,55
GradDiff,354
GradDiff,65
GradDiff,102
GradDiff,352
GradDiff,40
GradDiff,233
GradDiff,289
GradDiff,6
GradDiff,239
GradDiff,225
GradDiff,15
GradDiff,286
GradDiff,256
GradDiff,288
NPO,92
NPO,207
NPO,87
NPO,26
NPO,375
NPO,379
NPO,35
NPO,82
NPO,85
NPO,136
NPO,147
NPO,325
NPO,378
NPO,267
NPO,179
NPO,93
NPO,312
NPO,19
NPO,99
NPO,31
NPO,395
NPO,317
NPO,315
NPO,278
NPO,12
NPO,347
NPO,373
NPO,171
NPO,58
NPO,319
NPO,73
NPO,94
NPO,108
NPO,103
NPO,376
NPO,368
NPO,28
NPO,98
NPO,188
NPO,106
NPO,218
NPO,34
NPO,167
NPO,314
NPO,311
NPO,59
NPO,384
NPO,107
NPO,308
NPO,367
NPO,246
NPO,336
NPO,333
NPO,177
NPO,86
NPO,176
NPO,274
NPO,89
NPO,125
NPO,165
NPO,47
NPO,139
NPO,334
NPO,235
NPO,355
NPO,178
NPO,224
NPO,264
NPO,273
NPO,208
NPO,27
NPO,297
NPO,168
NPO,369
NPO,96
NPO,329
NPO,216
NPO,110
NPO,76
NPO,88
NPO,389
NPO,5
NPO,371
NPO,196
NPO,295
NPO,222
NPO,320
NPO,37
NPO,232
NPO,71
NPO,259
NPO,313
NPO,74
NPO,130
NPO,245
NPO,328
NPO,32
NPO,327
NPO,242
NPO,272
NPO,345
NPO,169
NPO,174
NPO,154
NPO,54
NPO,67
NPO,359
NPO,117
NPO,394
NPO,360
NPO,18
NPO,339
NPO,97
NPO,211
NPO,348
NPO,77
NPO,354
NPO,382
NPO,133
NPO,70
NPO,279
NPO,374
NPO,7
NPO,296
NPO,303
NPO,228
NPO,356
NPO,383
NPO,115
NPO,142
NPO,260
NPO,284
NPO,298
NPO,134
NPO,225
NPO,175
NPO,237
NPO,197
NPO,399
NPO,306
NPO,72
NPO,43
NPO,231
NPO,199
NPO,350
NPO,238
NPO,227
NPO,398
NPO,184
NPO,126
NPO,309
NPO,372
NPO,3
NPO,331
NPO,335
NPO,4
NPO,326
NPO,380
NPO,20
NPO,101
NPO,388
NPO,145
NPO,79
NPO,305
NPO,302
NPO,148
NPO,163
NPO,258
NPO,129
NPO,270
NPO,290
NPO,119
NPO,49
NPO,223
NPO,83
NPO,160
NPO,390
NPO,353
NPO,210
NPO,364
NPO,392
NPO,338
NPO,269
NPO,349
NPO,363
NPO,324
NPO,91
NPO,172
NPO,33
NPO,185
NPO,192
NPO,135
NPO,95
NPO,140
NPO,69
NPO,151
NPO,156
NPO,25
NPO,249
NPO,281
NPO,337
NPO,285
NPO,190
NPO,104
NPO,318
NPO,131
NPO,22
NPO,194
NPO,247
NPO,81
NPO,183
NPO,14
NPO,170
NPO,377
NPO,146
NPO,291
NPO,114
NPO,38
NPO,118
NPO,13
NPO,277
NPO,155
NPO,132
NPO,113
NPO,16
NPO,55
NPO,53
NPO,11
NPO,393
NPO,255
NPO,321
NPO,84
NPO,307
NPO,271
NPO,157
NPO,358
NPO,282
NPO,387
NPO,36
NPO,10
NPO,212
NPO,100
NPO,52
NPO,173
NPO,283
NPO,109
NPO,187
NPO,112
NPO,251
NPO,56
NPO,365
NPO,397
NPO,299
NPO,162
NPO,386
NPO,215
NPO,257
NPO,78
NPO,280
NPO,66
NPO,292
NPO,15
NPO,230
NPO,166
NPO,189
NPO,116
NPO,46
NPO,60
NPO,164
NPO,229
NPO,391
NPO,253
NPO,293
NPO,352
NPO,287
NPO,41
NPO,243
NPO,244
NPO,316
NPO,57
NPO,144
NPO,221
NPO,310
NPO,346
NPO,39
NPO,226
NPO,202
NPO,149
NPO,65
NPO,50
NPO,195
NPO,362
NPO,252
NPO,240
NPO,80
NPO,51
NPO,234
NPO,137
NPO,124
NPO,254
NPO,289
NPO,153
NPO,75
NPO,23
NPO,248
NPO,343
NPO,45
NPO,396
NPO,332
NPO,111
NPO,344
NPO,304
NPO,265
NPO,143
NPO,123
NPO,68
NPO,381
NPO,17
NPO,261
NPO,209
NPO,351
NPO,250
NPO,30
NPO,198
NPO,180
NPO,159
NPO,64
NPO,150
NPO,322
NPO,385
NPO,8
NPO,294
NPO,301
NPO,262
NPO,6
NPO,217
NPO,263
NPO,323
NPO,340
NPO,24
NPO,219
NPO,268
NPO,276
NPO,21
NPO,330
NPO,29
NPO,266
NPO,239
NPO,161
NPO,214
NPO,9
NPO,40
NPO,122
NPO,370
NPO,275
NPO,138
NPO,236
NPO,42
NPO,127
NPO,186
NPO,204
NPO,61
NPO,102
NPO,233
NPO,120
NPO,342
NPO,105
NPO,366
NPO,203
NPO,2
NPO,191
NPO,288
NPO,0
NPO,361
NPO,63
NPO,152
NPO,48
NPO,141
NPO,193
NPO,90
NPO,357
NPO,206
NPO,44
NPO,62
NPO,213
NPO,201
NPO,181
NPO,1
NPO,300
NPO,128
NPO,158
NPO,200
NPO,286
NPO,182
NPO,241
NPO,205
NPO,121
NPO,220
NPO,341
NPO,256
RMU,20
RMU,340
RMU,125
RMU,80
RMU,257
RMU,160
RMU,320
RMU,205
RMU,260
RMU,360
RMU,267
RMU,362
RMU,356
RMU,208
RMU,139
RMU,171
RMU,22
RMU,364
RMU,250
RMU,344
RMU,189
RMU,213
RMU,21
RMU,268
RMU,361
RMU,350
RMU,273
RMU,206
RMU,185
RMU,60
RMU,121
RMU,1
RMU,232
RMU,82
RMU,212
RMU,18
RMU,266
RMU,120
RMU,133
RMU,130
RMU,215
RMU,159
RMU,363
RMU,2
RMU,245
RMU,135
RMU,83
RMU,349
RMU,62
RMU,40
RMU,59
RMU,323
RMU,107
RMU,12
RMU,128
RMU,145
RMU,41
RMU,203
RMU,345
RMU,122
RMU,33
RMU,224
RMU,28
RMU,255
RMU,110
RMU,365
RMU,262
RMU,148
RMU,254
RMU,126
RMU,182
RMU,272
RMU,220
RMU,366
RMU,243
RMU,247
RMU,384
RMU,24
RMU,25
RMU,127
RMU,84
RMU,44
RMU,81
RMU,37
RMU,217
RMU,23
RMU,93
RMU,270
RMU,336
RMU,92
RMU,246
RMU,333
RMU,123
RMU,309
RMU,214
RMU,241
RMU,353
RMU,35
RMU,240
RMU,132
RMU,218
RMU,238
RMU,354
RMU,230
RMU,138
RMU,337
RMU,321
RMU,248
RMU,102
RMU,210
RMU,322
RMU,176
RMU,116
RMU,193
RMU,342
RMU,271
RMU,242
RMU,136
RMU,64
RMU,103
RMU,184
RMU,10
RMU,226
RMU,154
RMU,38
RMU,144
RMU,29
RMU,67
RMU,216
RMU,324
RMU,264
RMU,222
RMU,237
RMU,3
RMU,343
RMU,249
RMU,157
RMU,275
RMU,141
RMU,394
RMU,181
RMU,118
RMU,129
RMU,348
RMU,124
RMU,119
RMU,179
RMU,114
RMU,196
RMU,204
RMU,191
RMU,106
RMU,301
RMU,235
RMU,142
RMU,219
RMU,91
RMU,201
RMU,66
RMU,369
RMU,347
RMU,30
RMU,87
RMU,370
RMU,17
RMU,137
RMU,389
RMU,202
RMU,221
RMU,52
RMU,252
RMU,183
RMU,312
RMU,280
RMU,156
RMU,263
RMU,256
RMU,32
RMU,36
RMU,229
RMU,162
RMU,170
RMU,174
RMU,42
RMU,61
RMU,386
RMU,68
RMU,296
RMU,259
RMU,399
RMU,258
RMU,357
RMU,97
RMU,163
RMU,19
RMU,379
RMU,101
RMU,168
RMU,398
RMU,39
RMU,99
RMU,161
RMU,327
RMU,228
RMU,331
RMU,58
RMU,104
RMU,140
RMU,177
RMU,317
RMU,375
RMU,382
RMU,143
RMU,308
RMU,326
RMU,269
RMU,11
RMU,265
RMU,8
RMU,313
RMU,279
RMU,211
RMU,89
RMU,197
RMU,45
RMU,51
RMU,378
RMU,155
RMU,47
RMU,134
RMU,77
RMU,46
RMU,376
RMU,86
RMU,388
RMU,261
RMU,173
RMU,180
RMU,164
RMU,381
RMU,339
RMU,190
RMU,396
RMU,355
RMU,330
RMU,209
RMU,105
RMU,244
RMU,175
RMU,223
RMU,88
RMU,251
RMU,300
RMU,305
RMU,7
RMU,150
RMU,359
RMU,96
RMU,335
RMU,178
RMU,392
RMU,281
RMU,65
RMU,26
RMU,115
RMU,318
RMU,200
RMU,338
RMU,192
RMU,0
RMU,286
RMU,303
RMU,302
RMU,98
RMU,372
RMU,34
RMU,334
RMU,373
RMU,304
RMU,72
RMU,207
RMU,311
RMU,50
RMU,147
RMU,16
RMU,383
RMU,113
RMU,117
RMU,328
RMU,70
RMU,63
RMU,4
RMU,95
RMU,53
RMU,151
RMU,368
RMU,325
RMU,239
RMU,188
RMU,297
RMU,14
RMU,385
RMU,253
RMU,131
RMU,199
RMU,315
RMU,287
RMU,358
RMU,198
RMU,319
RMU,149
RMU,15
RMU,293
RMU,54
RMU,233
RMU,395
RMU,351
RMU,111
RMU,277
RMU,9
RMU,284
RMU,43
RMU,234
RMU,94
RMU,225
RMU,56
RMU,298
RMU,186
RMU,295
RMU,146
RMU,49
RMU,6
RMU,374
RMU,299
RMU,289
RMU,227
RMU,371
RMU,332
RMU,377
RMU,390
RMU,85
RMU,48
RMU,285
RMU,172
RMU,112
RMU,169
RMU,231
RMU,367
RMU,90
RMU,165
RMU,283
RMU,352
RMU,187
RMU,76
RMU,27
RMU,282
RMU,329
RMU,307
RMU,310
RMU,13
RMU,393
RMU,346
RMU,380
RMU,236
RMU,78
RMU,292
RMU,195
RMU,278
RMU,288
RMU,274
RMU,306
RMU,294
RMU,387
RMU,290
RMU,57
RMU,341
RMU,73
RMU,69
RMU,276
RMU,79
RMU,316
RMU,391
RMU,167
RMU,314
RMU,194
RMU,291
RMU,158
RMU,71
RMU,31
RMU,109
RMU,5
RMU,74
RMU,55
RMU,397
RMU,108
RMU,166
RMU,152
RMU,100
RMU,75
RMU,153
SimNPO,116
SimNPO,28
SimNPO,93
SimNPO,20
SimNPO,80
SimNPO,181
SimNPO,83
SimNPO,55
SimNPO,47
SimNPO,84
SimNPO,240
SimNPO,33
SimNPO,147
SimNPO,56
SimNPO,95
SimNPO,245
SimNPO,222
SimNPO,180
SimNPO,306
SimNPO,96
SimNPO,163
SimNPO,35
SimNPO,92
SimNPO,107
SimNPO,392
SimNPO,81
SimNPO,309
SimNPO,320
SimNPO,160
SimNPO,223
SimNPO,86
SimNPO,49
SimNPO,71
SimNPO,41
SimNPO,40
SimNPO,57
SimNPO,104
SimNPO,338
SimNPO,85
SimNPO,391
SimNPO,21
SimNPO,300
SimNPO,184
SimNPO,136
SimNPO,386
SimNPO,50
SimNPO,382
SimNPO,38
SimNPO,381
SimNPO,58
SimNPO,383
SimNPO,26
SimNPO,390
SimNPO,23
SimNPO,24
SimNPO,339
SimNPO,384
SimNPO,394
SimNPO,316
SimNPO,221
SimNPO,60
SimNPO,235
SimNPO,111
SimNPO,61
SimNPO,398
SimNPO,303
SimNPO,249
SimNPO,140
SimNPO,119
SimNPO,103
SimNPO,242
SimNPO,395
SimNPO,25
SimNPO,312
SimNPO,44
SimNPO,396
SimNPO,257
SimNPO,34
SimNPO,280
SimNPO,270
SimNPO,357
SimNPO,109
SimNPO,146
SimNPO,89
SimNPO,397
SimNPO,120
SimNPO,388
SimNPO,87
SimNPO,145
SimNPO,255
SimNPO,94
SimNPO,105
SimNPO,345
SimNPO,285
SimNPO,190
SimNPO,393
SimNPO,114
SimNPO,42
SimNPO,399
SimNPO,199
SimNPO,281
SimNPO,82
SimNPO,330
SimNPO,319
SimNPO,220
SimNPO,64
SimNPO,237
SimNPO,98
SimNPO,304
SimNPO,340
SimNPO,59
SimNPO,156
SimNPO,69
SimNPO,308
SimNPO,118
SimNPO,313
SimNPO,230
SimNPO,52
SimNPO,259
SimNPO,149
SimNPO,305
SimNPO,0
SimNPO,387
SimNPO,195
SimNPO,150
SimNPO,102
SimNPO,108
SimNPO,268
SimNPO,326
SimNPO,53
SimNPO,186
SimNPO,29
SimNPO,260
SimNPO,30
SimNPO,90
SimNPO,380
SimNPO,251
SimNPO,360
SimNPO,122
SimNPO,78
SimNPO,37
SimNPO,51
SimNPO,273
SimNPO,62
SimNPO,227
SimNPO,88
SimNPO,317
SimNPO,31
SimNPO,311
SimNPO,46
SimNPO,289
SimNPO,307
SimNPO,335
SimNPO,36
SimNPO,139
SimNPO,39
SimNPO,262
SimNPO,101
SimNPO,244
SimNPO,196
SimNPO,100
SimNPO,328
SimNPO,207
SimNPO,68
SimNPO,239
SimNPO,22
SimNPO,321
SimNPO,324
SimNPO,232
SimNPO,231
SimNPO,148
SimNPO,138
SimNPO,267
SimNPO,187
SimNPO,99
SimNPO,191
SimNPO,77
SimNPO,290
SimNPO,153
SimNPO,127
SimNPO,302
SimNPO,179
SimNPO,124
SimNPO,318
SimNPO,32
SimNPO,253
SimNPO,287
SimNPO,142
SimNPO,208
SimNPO,332
SimNPO,295
SimNPO,155
SimNPO,129
SimNPO,192
SimNPO,310
SimNPO,43
SimNPO,110
SimNPO,385
SimNPO,211
SimNPO,125
SimNPO,322
SimNPO,91
SimNPO,241
SimNPO,265
SimNPO,347
SimNPO,117
SimNPO,167
SimNPO,298
SimNPO,97
SimNPO,54
SimNPO,348
SimNPO,315
SimNPO,333
SimNPO,336
SimNPO,263
SimNPO,359
SimNPO,325
SimNPO,389
SimNPO,228
SimNPO,229
SimNPO,170
SimNPO,151
SimNPO,73
SimNPO,171
SimNPO,115
SimNPO,188
SimNPO,353
SimNPO,378
SimNPO,3
SimNPO,134
SimNPO,157
SimNPO,218
SimNPO,113
SimNPO,8
SimNPO,27
SimNPO,128
SimNPO,346
SimNPO,375
SimNPO,352
SimNPO,154
SimNPO,250
SimNPO,314
SimNPO,293
SimNPO,254
SimNPO,143
SimNPO,301
SimNPO,364
SimNPO,258
SimNPO,13
SimNPO,193
SimNPO,76
SimNPO,368
SimNPO,178
SimNPO,327
SimNPO,164
SimNPO,292
SimNPO,165
SimNPO,18
SimNPO,183
SimNPO,194
SimNPO,283
SimNPO,202
SimNPO,363
SimNPO,200
SimNPO,323
SimNPO,294
SimNPO,158
SimNPO,45
SimNPO,79
SimNPO,379
SimNPO,284
SimNPO,234
SimNPO,272
SimNPO,252
SimNPO,209
SimNPO,132
SimNPO,70
SimNPO,342
SimNPO,126
SimNPO,135
SimNPO,121
SimNPO,271
SimNPO,159
SimNPO,174
SimNPO,5
SimNPO,356
SimNPO,269
SimNPO,144
SimNPO,355
SimNPO,65
SimNPO,67
SimNPO,248
SimNPO,354
SimNPO,343
SimNPO,331
SimNPO,214
SimNPO,278
SimNPO,370
SimNPO,106
SimNPO,48
SimNPO,162
SimNPO,66
SimNPO,279
SimNPO,130
SimNPO,112
SimNPO,334
SimNPO,169
SimNPO,236
SimNPO,197
SimNPO,349
SimNPO,17
SimNPO,74
SimNPO,133
SimNPO,224
SimNPO,266
SimNPO,373
SimNPO,131
SimNPO,372
SimNPO,137
SimNPO,4
SimNPO,275
SimNPO,288
SimNPO,11
SimNPO,297
SimNPO,282
SimNPO,371
SimNPO,9
SimNPO,256
SimNPO,276
SimNPO,216
SimNPO,329
SimNPO,177
SimNPO,168
SimNPO,274
SimNPO,361
SimNPO,6
SimNPO,189
SimNPO,367
SimNPO,337
SimNPO,264
SimNPO,75
SimNPO,63
SimNPO,123
SimNPO,203
SimNPO,182
SimNPO,247
SimNPO,376
SimNPO,219
SimNPO,369
SimNPO,175
SimNPO,350
SimNPO,16
SimNPO,366
SimNPO,365
SimNPO,141
SimNPO,286
SimNPO,210
SimNPO,172
SimNPO,246
SimNPO,296
SimNPO,277
SimNPO,12
SimNPO,362
SimNPO,374
SimNPO,185
SimNPO,226
SimNPO,261
SimNPO,299
SimNPO,173
SimNPO,152
SimNPO,225
SimNPO,2
SimNPO,198
SimNPO,176
SimNPO,217
SimNPO,215
SimNPO,358
SimNPO,15
SimNPO,238
SimNPO,344
SimNPO,377
SimNPO,19
SimNPO,72
SimNPO,351
SimNPO,206
SimNPO,10
SimNPO,1
SimNPO,205
SimNPO,161
SimNPO,201
SimNPO,233
SimNPO,204
SimNPO,212
SimNPO,14
SimNPO,166
SimNPO,243
SimNPO,291
SimNPO,7
SimNPO,213
SimNPO,341
UNDIAL,127
UNDIAL,181
UNDIAL,20
UNDIAL,121
UNDIAL,160
UNDIAL,205
UNDIAL,122
UNDIAL,120
UNDIAL,260
UNDIAL,320
UNDIAL,361
UNDIAL,208
UNDIAL,360
UNDIAL,201
UNDIAL,261
UNDIAL,240
UNDIAL,182
UNDIAL,340
UNDIAL,60
UNDIAL,180
UNDIAL,2
UNDIAL,206
UNDIAL,388
UNDIAL,124
UNDIAL,210
UNDIAL,80
UNDIAL,82
UNDIAL,362
UNDIAL,128
UNDIAL,21
UNDIAL,161
UNDIAL,364
UNDIAL,272
UNDIAL,200
UNDIAL,17
UNDIAL,217
UNDIAL,250
UNDIAL,61
UNDIAL,204
UNDIAL,7
UNDIAL,262
UNDIAL,255
UNDIAL,383
UNDIAL,135
UNDIAL,365
UNDIAL,14
UNDIAL,15
UNDIAL,92
UNDIAL,40
UNDIAL,116
UNDIAL,66
UNDIAL,32
UNDIAL,62
UNDIAL,301
UNDIAL,336
UNDIAL,28
UNDIAL,286
UNDIAL,219
UNDIAL,6
UNDIAL,190
UNDIAL,1
UNDIAL,171
UNDIAL,154
UNDIAL,184
UNDIAL,177
UNDIAL,18
UNDIAL,133
UNDIAL,163
UNDIAL,265
UNDIAL,259
UNDIAL,132
UNDIAL,170
UNDIAL,241
UNDIAL,189
UNDIAL,69
UNDIAL,281
UNDIAL,256
UNDIAL,343
UNDIAL,228
UNDIAL,191
UNDIAL,390
UNDIAL,93
UNDIAL,252
UNDIAL,350
UNDIAL,84
UNDIAL,384
UNDIAL,342
UNDIAL,395
UNDIAL,351
UNDIAL,216
UNDIAL,249
UNDIAL,139
UNDIAL,186
UNDIAL,65
UNDIAL,294
UNDIAL,87
UNDIAL,195
UNDIAL,385
UNDIAL,329
UNDIAL,268
UNDIAL,215
UNDIAL,220
UNDIAL,209
UNDIAL,345
UNDIAL,370
UNDIAL,0
UNDIAL,242
UNDIAL,324
UNDIAL,111
UNDIAL,349
UNDIAL,247
UNDIAL,94
UNDIAL,77
UNDIAL,134
UNDIAL,232
UNDIAL,270
UNDIAL,222
UNDIAL,344
UNDIAL,257
UNDIAL,367
UNDIAL,179
UNDIAL,397
UNDIAL,321
UNDIAL,330
UNDIAL,10
UNDIAL,379
UNDIAL,89
UNDIAL,372
UNDIAL,305
UNDIAL,392
UNDIAL,19
UNDIAL,198
UNDIAL,81
UNDIAL,373
UNDIAL,29
UNDIAL,245
UNDIAL,24
UNDIAL,162
UNDIAL,36
UNDIAL,224
UNDIAL,141
UNDIAL,356
UNDIAL,276
UNDIAL,175
UNDIAL,168
UNDIAL,378
UNDIAL,46
UNDIAL,125
UNDIAL,311
UNDIAL,83
UNDIAL,103
UNDIAL,115
UNDIAL,267
UNDIAL,295
UNDIAL,105
UNDIAL,297
UNDIAL,283
UNDIAL,244
UNDIAL,303
UNDIAL,298
UNDIAL,347
UNDIAL,193
UNDIAL,341
UNDIAL,234
UNDIAL,292
UNDIAL,394
UNDIAL,202
UNDIAL,381
UNDIAL,273
UNDIAL,296
UNDIAL,119
UNDIAL,53
UNDIAL,35
UNDIAL,185
UNDIAL,76
UNDIAL,277
UNDIAL,148
UNDIAL,108
UNDIAL,203
UNDIAL,86
UNDIAL,11
UNDIAL,312
UNDIAL,229
UNDIAL,143
UNDIAL,102
UNDIAL,13
UNDIAL,363
UNDIAL,58
UNDIAL,4
UNDIAL,227
UNDIAL,280
UNDIAL,172
UNDIAL,8
UNDIAL,64
UNDIAL,369
UNDIAL,346
UNDIAL,68
UNDIAL,399
UNDIAL,57
UNDIAL,285
UNDIAL,101
UNDIAL,97
UNDIAL,337
UNDIAL,377
UNDIAL,353
UNDIAL,100
UNDIAL,226
UNDIAL,104
UNDIAL,44
UNDIAL,192
UNDIAL,164
UNDIAL,387
UNDIAL,368
UNDIAL,9
UNDIAL,375
UNDIAL,338
UNDIAL,231
UNDIAL,129
UNDIAL,150
UNDIAL,22
UNDIAL,238
UNDIAL,131
UNDIAL,354
UNDIAL,176
UNDIAL,130
UNDIAL,279
UNDIAL,248
UNDIAL,382
UNDIAL,253
UNDIAL,264
UNDIAL,136
UNDIAL,3
UNDIAL,142
UNDIAL,389
UNDIAL,183
UNDIAL,98
UNDIAL,302
UNDIAL,196
UNDIAL,23
UNDIAL,73
UNDIAL,213
UNDIAL,391
UNDIAL,396
UNDIAL,112
UNDIAL,41
UNDIAL,263
UNDIAL,47
UNDIAL,223
UNDIAL,42
UNDIAL,306
UNDIAL,322
UNDIAL,48
UNDIAL,218
UNDIAL,386
UNDIAL,334
UNDIAL,323
UNDIAL,110
UNDIAL,109
UNDIAL,230
UNDIAL,27
UNDIAL,16
UNDIAL,233
UNDIAL,317
UNDIAL,173
UNDIAL,288
UNDIAL,300
UNDIAL,348
UNDIAL,398
UNDIAL,55
UNDIAL,331
UNDIAL,74
UNDIAL,123
UNDIAL,376
UNDIAL,254
UNDIAL,99
UNDIAL,274
UNDIAL,71
UNDIAL,45
UNDIAL,30
UNDIAL,138
UNDIAL,278
UNDIAL,235
UNDIAL,339
UNDIAL,38
UNDIAL,393
UNDIAL,37
UNDIAL,359
UNDIAL,207
UNDIAL,328
UNDIAL,166
UNDIAL,59
UNDIAL,26
UNDIAL,49
UNDIAL,374
UNDIAL,5
UNDIAL,225
UNDIAL,326
UNDIAL,75
UNDIAL,167
UNDIAL,211
UNDIAL,50
UNDIAL,118
UNDIAL,25
UNDIAL,156
UNDIAL,199
UNDIAL,269
UNDIAL,95
UNDIAL,313
UNDIAL,88
UNDIAL,140
UNDIAL,194
UNDIAL,31
UNDIAL,188
UNDIAL,310
UNDIAL,315
UNDIAL,174
UNDIAL,237
UNDIAL,157
UNDIAL,282
UNDIAL,332
UNDIAL,165
UNDIAL,197
UNDIAL,79
UNDIAL,56
UNDIAL,187
UNDIAL,325
UNDIAL,126
UNDIAL,43
UNDIAL,169
UNDIAL,212
UNDIAL,357
UNDIAL,90
UNDIAL,221
UNDIAL,309
UNDIAL,106
UNDIAL,107
UNDIAL,275
UNDIAL,113
UNDIAL,34
UNDIAL,67
UNDIAL,33
UNDIAL,358
UNDIAL,304
UNDIAL,335
UNDIAL,308
UNDIAL,266
UNDIAL,289
UNDIAL,158
UNDIAL,380
UNDIAL,159
UNDIAL,85
UNDIAL,51
UNDIAL,251
UNDIAL,70
UNDIAL,355
UNDIAL,352
UNDIAL,63
UNDIAL,271
UNDIAL,333
UNDIAL,72
UNDIAL,137
UNDIAL,327
UNDIAL,78
UNDIAL,155
UNDIAL,178
UNDIAL,214
UNDIAL,52
UNDIAL,153
UNDIAL,239
UNDIAL,371
UNDIAL,299
UNDIAL,366
UNDIAL,39
UNDIAL,236
UNDIAL,96
UNDIAL,291
UNDIAL,258
UNDIAL,314
UNDIAL,293
UNDIAL,146
UNDIAL,114
UNDIAL,91
UNDIAL,319
UNDIAL,149
UNDIAL,316
UNDIAL,307
UNDIAL,147
UNDIAL,144
UNDIAL,145
UNDIAL,287
UNDIAL,152
UNDIAL,318
UNDIAL,12
UNDIAL,290
UNDIAL,54
UNDIAL,284
UNDIAL,117
UNDIAL,243
UNDIAL,246
UNDIAL,151
